{
  "baseline_full": {
    "top10": [
      [
        "The",
        0.5625
      ],
      [
        "Volt",
        0.4375
      ],
      [
        "According",
        3.2901763916015625e-05
      ],
      [
        "Based",
        9.909272193908691e-07
      ],
      [
        "Vol",
        2.4959444999694824e-07
      ],
      [
        "Voltage",
        7.171183824539185e-08
      ],
      [
        "Bolt",
        4.936009645462036e-08
      ],
      [
        "Z",
        2.6309862732887268e-08
      ],
      [
        "**",
        1.100124791264534e-08
      ],
      [
        "volt",
        6.693881005048752e-09
      ]
    ],
    "P_Volt": 0.4375,
    "P_The": 0.5625,
    "P_Z": 2.6309862732887268e-08
  },
  "baseline_bare": {
    "top10": [
      [
        "Z",
        1.0
      ],
      [
        "According",
        1.8533319234848022e-07
      ],
      [
        "The",
        5.3085386753082275e-08
      ],
      [
        "Okay",
        4.3655745685100555e-09
      ],
      [
        "Based",
        5.502442945726216e-11
      ],
      [
        "Unfortunately",
        3.342393029015511e-11
      ],
      [
        "\u0417",
        2.9331204132176936e-11
      ],
      [
        "Actually",
        2.5920599000528455e-11
      ],
      [
        "That",
        2.5920599000528455e-11
      ],
      [
        "While",
        2.0236257114447653e-11
      ]
    ],
    "P_Volt": 3.3068166260807885e-18,
    "P_The": 5.3085386753082275e-08,
    "P_Z": 1.0
  },
  "exp1a": {
    "volt_pos": 28,
    "k_norm_volt": 54.5
  },
  "exp1b_sequential": {
    "top5": [
      [
        "Z",
        1.0
      ],
      [
        "According",
        4.1443854570388794e-08
      ],
      [
        "The",
        7.188646122813225e-09
      ],
      [
        "Okay",
        4.602043190971017e-10
      ],
      [
        "\u0417",
        1.0800249583553523e-11
      ]
    ],
    "P_Volt": 2.2065682614424986e-15,
    "P_The": 7.188646122813225e-09,
    "P_Z": 1.0,
    "attn_per_head": {
      "H0": {
        "total": 0.006317138671875,
        "best_idx": 0,
        "best_token": "\u2581Volt",
        "best_weight": 0.006317138671875
      },
      "H1": {
        "total": 0.006500244140625,
        "best_idx": 0,
        "best_token": "\u2581Volt",
        "best_weight": 0.006500244140625
      },
      "H2": {
        "total": 0.016845703125,
        "best_idx": 0,
        "best_token": "\u2581Volt",
        "best_weight": 0.016845703125
      },
      "H3": {
        "total": 0.0174560546875,
        "best_idx": 0,
        "best_token": "\u2581Volt",
        "best_weight": 0.0174560546875
      },
      "H4": {
        "total": 0.1220703125,
        "best_idx": 0,
        "best_token": "\u2581Volt",
        "best_weight": 0.1220703125
      },
      "H5": {
        "total": 0.048828125,
        "best_idx": 0,
        "best_token": "\u2581Volt",
        "best_weight": 0.048828125
      },
      "H6": {
        "total": 4.414469003677368e-07,
        "best_idx": 0,
        "best_token": "\u2581Volt",
        "best_weight": 4.414469003677368e-07
      },
      "H7": {
        "total": 0.00017642974853515625,
        "best_idx": 0,
        "best_token": "\u2581Volt",
        "best_weight": 0.00017642974853515625
      }
    }
  },
  "exp1c_original": {
    "top5": [
      [
        "Z",
        1.0
      ],
      [
        "According",
        5.3085386753082275e-08
      ],
      [
        "The",
        7.188646122813225e-09
      ],
      [
        "Okay",
        4.602043190971017e-10
      ],
      [
        "\u0417",
        1.3869794202037156e-11
      ]
    ],
    "P_Volt": 7.66053886991358e-15,
    "P_The": 7.188646122813225e-09,
    "P_Z": 1.0,
    "attn_per_head": {
      "H0": {
        "total": 0.007171630859375,
        "best_idx": 0,
        "best_token": "\u2581Volt",
        "best_weight": 0.007171630859375
      },
      "H1": {
        "total": 0.00836181640625,
        "best_idx": 0,
        "best_token": "\u2581Volt",
        "best_weight": 0.00836181640625
      },
      "H2": {
        "total": 0.01904296875,
        "best_idx": 0,
        "best_token": "\u2581Volt",
        "best_weight": 0.01904296875
      },
      "H3": {
        "total": 0.0184326171875,
        "best_idx": 0,
        "best_token": "\u2581Volt",
        "best_weight": 0.0184326171875
      },
      "H4": {
        "total": 0.1357421875,
        "best_idx": 0,
        "best_token": "\u2581Volt",
        "best_weight": 0.1357421875
      },
      "H5": {
        "total": 0.058837890625,
        "best_idx": 0,
        "best_token": "\u2581Volt",
        "best_weight": 0.058837890625
      },
      "H6": {
        "total": 0.00823974609375,
        "best_idx": 0,
        "best_token": "\u2581Volt",
        "best_weight": 0.00823974609375
      },
      "H7": {
        "total": 0.001678466796875,
        "best_idx": 0,
        "best_token": "\u2581Volt",
        "best_weight": 0.001678466796875
      }
    }
  },
  "exp1d_no_rope": {
    "top5": [
      [
        "Z",
        1.0
      ],
      [
        "According",
        5.3085386753082275e-08
      ],
      [
        "The",
        7.188646122813225e-09
      ],
      [
        "Okay",
        4.602043190971017e-10
      ],
      [
        "\u0417",
        1.3869794202037156e-11
      ]
    ],
    "P_Volt": 2.831068712794149e-15,
    "P_The": 7.188646122813225e-09,
    "P_Z": 1.0,
    "attn_per_head": {
      "H0": {
        "total": 0.006317138671875,
        "best_idx": 0,
        "best_token": "\u2581Volt",
        "best_weight": 0.006317138671875
      },
      "H1": {
        "total": 0.006927490234375,
        "best_idx": 0,
        "best_token": "\u2581Volt",
        "best_weight": 0.006927490234375
      },
      "H2": {
        "total": 0.017822265625,
        "best_idx": 0,
        "best_token": "\u2581Volt",
        "best_weight": 0.017822265625
      },
      "H3": {
        "total": 0.0174560546875,
        "best_idx": 0,
        "best_token": "\u2581Volt",
        "best_weight": 0.0174560546875
      },
      "H4": {
        "total": 0.1220703125,
        "best_idx": 0,
        "best_token": "\u2581Volt",
        "best_weight": 0.1220703125
      },
      "H5": {
        "total": 0.048828125,
        "best_idx": 0,
        "best_token": "\u2581Volt",
        "best_weight": 0.048828125
      },
      "H6": {
        "total": 2.1338462829589844e-05,
        "best_idx": 0,
        "best_token": "\u2581Volt",
        "best_weight": 2.1338462829589844e-05
      },
      "H7": {
        "total": 0.000213623046875,
        "best_idx": 0,
        "best_token": "\u2581Volt",
        "best_weight": 0.000213623046875
      }
    }
  },
  "exp1e_before_query": {
    "top5": [
      [
        "Z",
        1.0
      ],
      [
        "According",
        1.3709068298339844e-06
      ],
      [
        "The",
        6.845220923423767e-08
      ],
      [
        "Okay",
        9.255018085241318e-09
      ],
      [
        "Zap",
        4.602043190971017e-10
      ]
    ],
    "P_Volt": 5.400124791776761e-13,
    "P_The": 6.845220923423767e-08,
    "P_Z": 1.0,
    "attn_per_head": {
      "H0": {
        "total": 0.005950927734375,
        "best_idx": 0,
        "best_token": "\u2581Volt",
        "best_weight": 0.005950927734375
      },
      "H1": {
        "total": 0.006500244140625,
        "best_idx": 0,
        "best_token": "\u2581Volt",
        "best_weight": 0.006500244140625
      },
      "H2": {
        "total": 0.017822265625,
        "best_idx": 0,
        "best_token": "\u2581Volt",
        "best_weight": 0.017822265625
      },
      "H3": {
        "total": 0.0174560546875,
        "best_idx": 0,
        "best_token": "\u2581Volt",
        "best_weight": 0.0174560546875
      },
      "H4": {
        "total": 0.1357421875,
        "best_idx": 0,
        "best_token": "\u2581Volt",
        "best_weight": 0.1357421875
      },
      "H5": {
        "total": 0.058837890625,