{
  "content_only": {
    "n_entries": 40,
    "P_Volt": 1.0408340855860843e-15,
    "H4_volt": 0.10498046875,
    "H4_best": "\u2581Volt",
    "H4_best_val": 0.10498046875
  },
  "top8_knorm": {
    "P_Volt": 7.66053886991358e-15,
    "volt_in_top8": 1,
    "H4_volt": 0.11669921875
  },
  "hybrid_h4_pick": {
    "P_Volt": 2.905726432800293e-06,
    "top5": [
      [
        "Z",
        1.0
      ],
      [
        "Volt",
        2.905726432800293e-06
      ],
      [
        "According",
        2.2649765014648438e-06
      ],
      [
        "The",
        8.754432201385498e-08
      ],
      [
        "Okay",
        6.845220923423767e-08
      ]
    ],
    "winning_entry": "\u2581Volt",
    "winning_weight": 0.10498046875
  },
  "hybrid_oracle_volt": {
    "P_Volt": 1.6689300537109375e-05,
    "top5": [
      [
        "Z",
        1.0
      ],
      [
        "Volt",
        1.6689300537109375e-05
      ],
      [
        "According",
        1.0654330253601074e-06
      ],
      [
        "The",
        4.1443854570388794e-08
      ],
      [
        "Okay",
        2.514570951461792e-08
      ]
    ]
  },
  "hybrid_attn_weighted": {
    "P_Volt": 3.042011087472929e-14,
    "top5": [
      [
        "Z",
        1.0
      ],
      [
        "According",
        1.8533319234848022e-07
      ],
      [
        "The",
        2.514570951461792e-08
      ],
      [
        "Okay",
        2.648448571562767e-09
      ],
      [
        "Based",
        4.843059286940843e-11
      ]
    ]
  },
  "hybrid_oracle_L26": {
    "P_Volt": 2.2065682614424986e-15
  },
  "hybrid_oracle_L28": {
    "P_Volt": 2.2065682614424986e-15
  },
  "hybrid_oracle_L29": {
    "P_Volt": 2.2065682614424986e-15
  },
  "hybrid_oracle_L30": {
    "P_Volt": 0.376953125
  },
  "hybrid_oracle_L31": {
    "P_Volt": 0.060302734375
  },
  "hybrid_oracle_L32": {
    "P_Volt": 0.002471923828125
  }
}