{
  "baseline_full": {
    "top5": [
      [
        "The",
        0.5625
      ],
      [
        "Volt",
        0.4375
      ],
      [
        "According",
        3.2901763916015625e-05
      ],
      [
        "Based",
        9.909272193908691e-07
      ],
      [
        "Vol",
        2.4959444999694824e-07
      ]
    ],
    "P_Volt": 0.4375,
    "P_The": 0.5625,
    "P_Z": 2.6309862732887268e-08
  },
  "baseline_bare": {
    "top5": [
      [
        "Z",
        1.0
      ],
      [
        "According",
        1.8533319234848022e-07
      ],
      [
        "The",
        5.3085386753082275e-08
      ],
      [
        "Okay",
        4.3655745685100555e-09
      ],
      [
        "Based",
        5.502442945726216e-11
      ]
    ],
    "P_Volt": 3.3068166260807885e-18,
    "P_The": 5.3085386753082275e-08,
    "P_Z": 1.0
  },
  "verification": {
    "bare_manual_P_Z": 1.0,
    "bare_manual_P_Volt": 1.565316886525947e-18,
    "full_manual_P_Volt": 0.376953125,
    "matches": false
  },
  "exp1b_single_volt": {
    "P_Volt": 4.6629367034256575e-15,
    "P_Z": 1.0,
    "P_The": 5.617039278149605e-09,
    "top5": [
      [
        "Z",
        1.0
      ],
      [
        "According",
        3.213062882423401e-08
      ],
      [
        "The",
        5.617039278149605e-09
      ],
      [
        "Okay",
        3.583409124985337e-10
      ],
      [
        "\u0417",
        1.0800249583553523e-11
      ]
    ],
    "attn_per_head": {
      "H0": 0.007171630859375,
      "H1": 0.00836181640625,
      "H2": 0.01904296875,
      "H3": 0.0185546875,
      "H4": 0.13671875,
      "H5": 0.058837890625,
      "H6": 0.00823974609375,
      "H7": 0.001678466796875
    }
  },
  "exp1c_all_kv": {
    "P_Volt": 3.8163916471489756e-16,
    "P_Z": 1.0,
    "P_The": 1.955777406692505e-08,
    "top5": [
      [
        "Z",
        1.0
      ],
      [
        "According",
        1.126900315284729e-07
      ],
      [
        "The",
        1.955777406692505e-08
      ],
      [
        "Okay",
        2.648448571562767e-09
      ],
      [
        "\u0417",
        3.774403012357652e-11
      ]
    ],
    "H4_volt_attn": 0.0673828125,
    "H4_best_entry": 0,
    "H4_best_token": "<bos>"
  },
  "exp1d_top8": {
    "P_Volt": 7.66053886991358e-15,
    "top5": [
      [
        "Z",
        1.0
      ],
      [
        "According",
        5.3085386753082275e-08
      ],
      [
        "The",
        1.525040715932846e-08
      ],
      [
        "Okay",
        7.566995918750763e-10
      ],
      [
        "\u0417",
        2.0236257114447653e-11
      ]
    ],
    "positions": [
      [
        49,
        "<end_of_turn>"
      ],
      [
        32,
        "\u2581Dimitri"
      ],
      [
        28,
        "\u2581Volt"
      ],
      [
        17,
        "\u2581founded"
      ],
      [
        31,
        "\u2581engineer"
      ],
      [
        46,
        "\u2581founded"
      ],
      [
        48,
        "\u2581called"
      ],
      [
        44,
        "\u2581Industries"
      ]
    ]
  },
  "exp2_layer24": {
    "P_Volt": 1.9081958235744878e-17,
    "top3": [
      [
        "Z",
        1.0
      ],
      [
        "According",
        5.029141902923584e-07
      ],
      [
        "The",
        8.754432201385498e-08
      ]
    ],
    "total_attn_per_head": [
      0.54296875,
      0.6328125,
      0.54296875,
      0.498046875,
      0.6640625,
      0.6015625,
      0.65625,
      0.58203125
    ]
  },
  "exp2_layer26": {
    "P_Volt": 2.8587361969832636e-20,
    "top3": [
      [
        "Z",
        1.0
      ],
      [
        "According",
        2.514570951461792e-08
      ],
      [
        "The",
        4.3655745685100555e-09
      ]
    ],
    "total_attn_per_head": [
      0.5859375,
      0.5234375,
      0.640625,
      0.671875,
      0.59375,
      0.6015625,
      0.52734375,
      0.5859375
    ]
  },
  "exp2_layer29": {
    "P_Volt": 3.8163916471489756e-16,
    "top3": [
      [
        "Z",
        1.0
      ],
      [
        "According",
        1.126900315284729e-07
      ],
      [
        "The",
        1.955777406692505e-08
      ]
    ],
    "total_attn_per_head": [
      0.5078125,
      0.50390625,
      0.51953125,
      0.515625,
      0.5703125,
      0.609375,
      0.52734375,
      0.50390625
    ]
  },
  "exp2_layer30": {
    "P_Volt": 2.3245294578089215e-16,
    "top3": [
      [
        "Z",
        1.0
      ],
      [
        "According",
        6.845220923423767e-08
      ],
      [
        "The",
        1.1874362826347351e-08
      ]
    ],
    "total_attn_per_head": [
      0.609375,
      0.5703125,
      0.64453125,
      0.67578125,
      0.515625,
      0.5625,
      0.57421875,
      0.578125
    ]
  },
  "exp3_hybrid_L30_residual": {
    "P_Volt": 0.9921875,
    "top5": [
      [
        "Volt",
        0.9921875
      ],
      [
        "The",
        0.004058837890625
      ],
      [
        "According",
        1.1175870895385742e-07
      ],
      [
        "Bolt",
        1.1757947504520416e-08
      ],
      [
        "Vol",
        9.19681042432785e-09
      ]
    ]
  }
}